"Name","Team","Pos","GP","G","A","P","+/-","PIM","PPP","SHp","Ht","GA","TA","SOG","S%","SB","ATOI","APPT","APKT","FO%"
"Mikko Rantanen","Kings","RW/LW",35,21,29,50,25,12,14,0,67,6,15,93,"23",24,"16:45","3:24","0:32","0"
"Filip Forsberg","Blue Jackets","LW/RW",35,18,28,46,9,8,18,1,122,13,37,130,"14",90,"18:56","3:34","2:49","18"
"Kaapo Kakko","Sabres","RW/LW",35,22,23,45,23,6,9,0,67,7,4,98,"22",20,"15:48","2:37","0:00","0"
"Lucas Raymond","Coyotes","LW",35,21,24,45,10,8,14,0,35,12,0,139,"15",8,"17:17","3:19","0:04","0"
"Steven Stamkos","Kings","C/LW",35,19,26,45,16,4,16,0,59,7,16,96,"20",53,"18:16","3:34","2:30","55"
"Sam Reinhart","Sabres","RW/C",35,15,30,45,17,14,14,0,50,5,18,123,"12",33,"17:03","3:25","0:47","13"
"Andrei Svechnikov","Devils","RW/LW",33,22,22,44,6,4,19,0,90,18,2,106,"21",21,"16:50","3:18","0:34","0"
"Matthew Tkachuk","Stars","LW/RW",32,21,22,43,21,20,12,1,129,8,15,84,"25",58,"19:03","3:35","2:52","21"
"Jack Eichel","Sabres","C",35,19,23,42,26,6,11,0,69,3,14,116,"16",31,"15:55","3:17","0:08","45"
"Pavel Buchnevich","Rangers","LW/RW",34,17,25,42,21,32,12,0,51,7,8,78,"22",27,"16:33","3:03","0:28","10"
"Mathew Barzal","Kings","C/RW",35,14,28,42,24,20,16,1,64,1,9,94,"15",47,"18:01","3:29","1:49","54"
"Phil Kessel","Penguins","RW",34,23,18,41,8,8,14,0,59,8,5,84,"27",36,"17:07","2:55","0:48","6"
"Jack Hughes","Canadiens","C/LW",35,17,24,41,-5,10,24,0,77,7,8,98,"17",31,"16:43","3:00","0:03","51"
"Alex DeBrincat","Maple Leafs","LW/RW",33,16,25,41,14,2,16,0,33,5,1,67,"24",12,"16:04","3:07","0:00","0"
"Clayton Keller","Coyotes","RW/LW",35,16,25,41,2,34,19,0,57,9,2,77,"21",15,"16:44","3:18","0:02","50"
"Tomas Hertl","Oilers","C/LW",33,20,20,40,8,10,16,2,95,7,8,103,"19",57,"18:48","3:23","2:09","52"
"Nikita Kucherov","Predators","RW/LW",36,24,15,39,8,6,15,0,47,8,15,98,"24",22,"16:49","3:26","0:40","4"
"Connor Bedard","Red Wings","C",34,22,17,39,4,6,11,0,31,4,2,72,"31",27,"16:10","2:55","0:14","47"
"Leon Draisaitl","Oilers","C",33,15,24,39,8,8,8,1,121,8,14,77,"19",47,"18:20","3:21","1:58","64"
"Artemi Panarin","Stars","LW/RW",32,14,25,39,15,4,10,0,40,8,6,79,"18",26,"17:05","3:21","0:55","0"
"Nathan MacKinnon","Avalanche","C/RW",33,11,28,39,15,12,13,0,58,4,18,62,"18",41,"18:05","3:03","1:34","55"
"Patrick Kane","Blackhawks","RW",35,22,16,38,7,10,18,0,55,6,6,77,"29",66,"18:16","2:45","2:33","20"
"Patrik Laine","Rangers","RW/LW",34,21,17,38,23,18,10,0,83,10,19,105,"20",47,"18:19","3:10","2:17","0"
"Gabe Vilardi","Blue Jackets","C/RW",35,20,18,38,10,4,17,0,46,3,3,91,"22",16,"15:38","3:15","0:08","29"
"Valeri Nichushkin","Kings","RW/LW",35,12,26,38,7,20,17,0,80,7,7,118,"10",17,"15:59","3:46","0:00","0"
"Jesse Puljujarvi","Coyotes","RW",35,10,28,38,11,16,14,0,79,12,8,108,"9",21,"15:39","2:15","0:18","0"
"Vladimir Tarasenko","Canadiens","RW",35,20,17,37,5,10,17,0,93,11,14,99,"20",34,"16:57","3:04","0:46","0"
"Matt Duchene","Canadiens","C",33,16,21,37,7,17,10,0,53,9,6,72,"22",35,"17:37","3:10","1:32","47"
"Mark Scheifele","Hurricanes","C",33,12,25,37,9,8,13,0,55,15,17,75,"16",90,"18:44","3:30","2:27","51"
"Sebastian Aho","Blue Jackets","C",35,11,26,37,4,10,20,0,65,4,19,93,"12",46,"17:56","3:19","1:54","54"
"Judes Pawelek","Sharks","RW",34,17,19,36,20,25,14,0,72,8,4,129,"13",9,"16:04","3:21","0:01","0"
"Trevor Zegras","Penguins","LW",34,16,20,36,13,8,13,0,53,7,5,73,"22",9,"17:23","2:58","0:07","0"
"Sidney Crosby","Devils","C",33,9,27,36,3,30,16,0,63,6,19,107,"8",62,"17:26","3:21","1:43","53"
"Kirill Marchenko","Jets","RW",32,18,17,35,-6,8,16,0,44,3,0,103,"17",7,"15:55","3:02","0:00","0"
"Antonin Divis","Jets","RW",32,16,19,35,-4,24,16,0,88,8,5,87,"18",9,"16:38","3:04","0:13","0"
"Dalibor Dvorsky","Sharks","C/RW/LW",34,15,20,35,15,6,16,0,46,7,7,100,"15",51,"17:49","3:29","2:05","52"
"Jason Robertson","Oilers","LW",33,14,21,35,10,4,13,1,78,7,7,72,"19",39,"18:15","3:21","1:43","0"
"Evgeny Kuznetsov","Coyotes","C",35,14,21,35,17,6,13,0,45,3,6,83,"17",24,"16:05","3:17","0:01","57"
"Andre Burakovsky","Blackhawks","LW/RW",35,14,21,35,7,14,13,0,66,7,3,90,"16",25,"16:25","2:43","0:32","20"
"Adam Fantilli","Penguins","C",34,13,22,35,13,14,12,0,49,8,6,74,"18",40,"16:43","2:56","0:19","47"
"David Pastrnak","Bruins","RW/LW",33,12,23,35,12,22,10,1,78,8,8,96,"13",10,"16:35","3:35","0:33","0"
"Rasmus Ristolainen","Sabres","RD/LD",35,6,29,35,27,14,14,0,92,12,27,123,"5",49,"25:15","3:20","0:56","0"
"Kirill Kaprizov","Blue Jackets","LW/RW",35,19,15,34,12,10,15,0,71,7,15,88,"22",21,"16:58","3:14","0:56","0"
"Jesper Bratt","Devils","LW/RW",33,18,16,34,7,6,13,0,39,7,2,75,"24",22,"16:07","3:17","0:00","0"
"Cutter Gauthier","Ducks","LW/C",35,17,17,34,0,26,16,0,68,9,0,88,"19",27,"17:31","3:38","0:54","11"
"Mike Hoffman","Stars","LW",32,16,18,34,17,18,7,0,52,6,8,57,"28",9,"13:46","1:39","0:00","0"
"Sergei Kucherov","Stars","C",32,16,18,34,12,18,13,0,73,7,11,120,"13",46,"18:59","3:23","2:59","54"
"Milos Bezdek","Flames","LW/C",32,18,15,33,-4,6,10,1,71,12,6,98,"18",32,"16:54","2:23","1:04","0"
"Matthew Boldy","Avalanche","LW/RW",33,18,15,33,6,12,13,0,89,23,23,130,"14",19,"17:05","3:15","0:31","22"
"Andrey Kovalenko","Lightning","RW/LW",35,17,16,33,4,4,16,0,63,13,1,74,"23",14,"15:14","3:44","0:00","0"
"Travis Konecny","Flyers","RW/C",34,17,16,33,11,10,14,0,98,7,8,94,"18",42,"18:38","3:08","2:15","3"
"Tage Thompson","Hurricanes","C/RW",33,16,17,33,15,8,10,0,96,2,0,87,"18",13,"15:26","2:33","0:00","100"
"Francois Robert","Canadiens","LW/RW",35,16,17,33,-2,12,16,0,85,16,1,112,"14",8,"15:46","2:58","0:01","0"
"Filip Chytil","Red Wings","C/LW",34,14,19,33,6,11,11,0,79,10,0,92,"15",19,"17:03","2:54","0:24","28"
"Pavel Zacha","Wild","C/LW",35,10,23,33,-8,68,17,0,102,2,8,64,"16",38,"15:51","2:52","0:02","55"
"Jake Sanderson","Blue Jackets","LD",35,6,27,33,16,16,16,0,81,29,34,136,"4",66,"26:22","3:26","2:09","0"
"Thomas Chabot","Kings","LD",35,6,27,33,17,22,17,0,87,13,31,142,"4",56,"24:02","3:45","0:25","0"
"Kimmy Moren","Sharks","C",34,19,13,32,0,10,17,0,50,4,6,104,"18",20,"15:40","3:24","0:00","42"
"Riley Tufte","Islanders","LW",34,16,16,32,7,4,11,1,81,0,0,81,"20",17,"16:37","3:03","0:03","0"
"Dylan Larkin","Devils","C",33,12,20,32,10,8,16,1,74,10,26,67,"18",47,"18:41","3:21","2:34","54"
"Jaden Schwartz","Stars","LW",32,12,20,32,13,20,11,0,47,5,13,114,"11",49,"17:00","3:35","1:32","17"
"Fabian Zetterlund","Blackhawks","RW/C",35,12,20,32,5,27,13,0,58,9,2,99,"12",10,"15:30","3:03","0:02","0"
"Alexander Holtz","Ducks","RW",35,10,22,32,6,6,8,0,73,3,4,65,"15",9,"14:48","1:41","0:07","0"
"J.T. Miller","Hurricanes","C/LW",33,10,22,32,11,14,10,0,81,6,15,55,"18",48,"17:41","1:32","1:53","53"
"Tyler Seguin","Senators","C/RW",33,17,14,31,-2,12,12,0,66,6,8,82,"21",50,"17:47","3:05","2:16","55"
"Marian Masek","Maple Leafs","RW/LW",33,15,16,31,10,30,2,0,89,11,1,92,"16",18,"15:36","1:34","0:20","0"
"Jack Quinn","Lightning","RW",35,14,17,31,-4,12,9,0,72,5,1,98,"14",25,"16:00","2:51","0:12","67"
"Mitch Marner","Kings","RW/C",35,13,18,31,14,6,6,0,61,7,10,81,"16",25,"15:30","1:43","0:25","0"
"Brady Tkachuk","Blue Jackets","LW/C",35,13,18,31,5,30,3,1,105,7,2,76,"17",36,"16:30","1:37","1:44","0"
"Owen Tippett","Hurricanes","RW",33,9,22,31,10,20,8,0,50,6,1,73,"12",46,"17:57","2:26","2:07","0"
"Erik Brannstrom","Blackhawks","LD/RD",35,6,25,31,17,6,9,0,79,12,8,167,"4",47,"25:47","2:57","0:44","0"
"Porter Martone","Red Wings","RW",34,6,25,31,5,20,2,0,31,9,3,54,"11",21,"14:20","1:28","0:07","33"
"Cale Makar","Stars","RD",32,4,27,31,18,6,10,1,95,22,32,118,"3",86,"26:58","3:32","2:58","0"
"Adam Fox","Devils","RD",33,4,27,31,8,16,12,0,95,17,47,114,"4",66,"26:34","3:25","1:42","0"
"Quinn Hughes","Red Wings","LD",34,2,29,31,16,18,12,0,91,25,28,127,"2",98,"27:04","3:07","2:56","0"
"Timmy Moren","Coyotes","LW",35,16,14,30,4,4,7,0,55,2,3,62,"26",3,"14:06","1:42","0:00","0"
"Tyler Bertuzzi","Bruins","LW/RW",33,16,14,30,15,14,6,1,61,5,7,78,"21",34,"16:59","2:25","1:26","0"
"Nikolai Kovalenko","Wild","RW/LW",35,16,14,30,-2,18,14,0,57,8,2,107,"15",17,"15:48","3:03","0:00","0"
"Pierre-Luc Dubois","Red Wings","C",34,16,14,30,6,22,10,1,71,9,3,72,"22",63,"18:38","3:00","3:09","53"
"Jonathan Drouin","Stars","LW/RW",32,13,17,30,5,16,8,0,76,6,6,50,"26",28,"14:52","1:46","0:22","18"
"William Smith","Ducks","C",35,12,18,30,-6,26,13,1,61,4,5,87,"14",52,"18:33","3:41","1:46","57"
"Nicklas Backstrom","Flames","C",32,11,19,30,-1,14,11,0,67,5,8,42,"26",63,"18:45","2:25","2:41","57"
"Mika Zibanejad","Rangers","C",34,10,20,30,20,22,9,0,77,5,10,50,"20",44,"17:17","3:05","1:47","52"
"Mason Lynch","Jets","LW/RW",32,5,25,30,-3,12,18,0,65,8,2,89,"6",13,"16:12","3:13","0:03","0"
"Vasili Podkolzin","Lightning","LW/RW",35,17,12,29,8,10,8,0,77,7,6,85,"20",19,"14:06","1:53","0:00","0"
"Alexis Lafreniere","Flyers","LW/RW",34,16,13,29,3,14,12,0,58,4,8,76,"21",44,"17:37","3:03","0:57","0"
"Auston Matthews","Maple Leafs","C",31,16,13,29,10,31,14,0,90,3,17,73,"22",50,"17:42","3:03","2:31","57"
"Brandon Saad","Bruins","LW/RW",33,15,14,29,17,6,6,0,92,7,8,104,"14",32,"17:27","2:58","1:19","0"
"Yury Tsulygin","Senators","LW",33,15,14,29,3,20,5,0,99,8,2,81,"19",17,"14:44","1:39","0:12","0"
"Tom Wilson","Red Wings","RW",34,12,17,29,12,40,1,2,126,10,16,69,"17",79,"17:33","1:05","2:48","11"
"Connor McDavid","Oilers","C",33,11,18,29,14,4,10,0,58,9,20,131,"8",50,"18:35","3:43","1:54","45"
"Girolamo Bond","Lightning","RW",35,11,18,29,-13,6,11,0,82,7,18,117,"9",29,"16:46","2:56","1:03","0"
"Alexander Nylander","Sabres","RW/LW",35,11,18,29,5,12,9,0,55,11,0,76,"14",10,"16:00","3:18","0:00","0"
"Anthony Duclair","Ducks","LW/RW",35,11,18,29,4,20,3,0,61,4,5,61,"18",16,"14:08","1:23","0:00","0"
"Kirby Dach","Lightning","C",35,7,22,29,-7,24,7,0,66,10,10,59,"12",47,"17:03","1:54","1:13","51"
"Lane Hutson","Rangers","LD",34,4,25,29,16,6,12,0,55,23,26,181,"2",28,"25:37","3:14","0:55","0"
"Nicolas Schmitt","Panthers","C",35,14,14,28,-3,6,12,0,94,6,4,83,"17",22,"15:33","2:48","0:14","59"
"Andreas Athanasiou","Flames","C/LW/RW",32,14,14,28,-1,10,5,1,54,13,12,78,"18",54,"16:56","1:19","2:01","17"
"Richard Pyykko","Predators","RW",36,14,14,28,1,12,7,0,66,20,4,92,"15",10,"16:27","3:30","0:06","0"
"William Nylander","Maple Leafs","RW/C",33,11,17,28,0,20,11,0,65,6,8,83,"13",33,"17:02","3:00","1:10","15"
"Sam Bennett","Islanders","C/LW",34,9,19,28,4,10,14,1,77,6,17,67,"13",27,"17:28","3:04","0:26","53"
"Jake Guentzel","Hurricanes","LW/RW",33,7,21,28,-1,8,8,0,43,4,6,52,"13",14,"14:38","2:34","0:00","0"
"Boone Jenner","Blue Jackets","C/LW",35,7,21,28,3,32,4,2,93,10,9,72,"10",68,"16:54","1:23","2:17","45"
"Morgan Rielly","Maple Leafs","LD/RD",33,3,25,28,12,10,16,0,93,15,41,141,"2",71,"26:16","3:17","2:21","0"
"Ville Koivunen","Penguins","RW",34,16,11,27,-4,14,6,0,43,6,2,86,"19",9,"14:15","1:27","0:00","0"
"Emeric Belanger","Ducks","C/RW",35,15,12,27,12,27,5,0,38,7,5,80,"19",18,"14:31","1:53","0:04","37"
"Evander Kane","Red Wings","LW",34,14,13,27,10,38,2,0,106,12,10,63,"22",39,"16:01","1:26","1:43","0"
"Jason Zucker","Canucks","LW/RW",33,13,14,27,1,16,8,0,43,10,8,62,"21",8,"13:39","1:33","0:00","0"
"Kevin Fiala","Devils","LW/RW",33,12,15,27,2,12,7,0,58,6,10,71,"17",12,"14:21","1:33","0:00","0"
"Jefferson Rothstein","Wild","RW/LW",35,12,15,27,-3,14,7,0,76,16,6,78,"15",31,"15:13","1:29","0:29","0"
"Matty Beniers","Jets","C",32,11,16,27,-9,6,14,0,62,8,12,76,"14",40,"17:57","3:01","2:11","55"
"Jeff Skinner","Lightning","LW/RW",35,11,16,27,-2,8,8,0,61,7,17,97,"11",10,"15:39","2:54","0:04","0"
"Kyle Connor","Lightning","LW",35,11,16,27,-19,20,12,0,57,7,10,129,"9",43,"17:30","4:02","1:12","29"
"Nico Hischier","Coyotes","C",35,10,17,27,3,8,7,0,72,7,3,90,"11",51,"18:31","2:36","2:22","54"
"Aliaksei Protas","Senators","C",33,9,18,27,2,12,2,0,96,8,1,47,"19",15,"13:34","0:16","0:27","40"
"Daniel Sprong","Penguins","RW",34,8,19,27,-1,8,5,0,29,9,5,60,"13",9,"15:33","1:29","0:01","0"
"Rickard Rakell","Wild","RW/LW",35,7,20,27,-6,8,15,0,67,12,14,98,"7",26,"16:31","3:16","0:24","22"
"Shea Theodore","Ducks","LD/RD",35,3,24,27,13,14,8,0,55,17,35,107,"3",69,"26:46","3:56","2:13","0"
"Lubomir Rapac","Canucks","RW",33,19,7,26,5,8,5,0,101,10,15,117,"16",15,"16:27","3:11","0:06","0"
"Cole Caufield","Devils","RW",33,14,12,26,8,6,8,0,48,10,7,85,"16",13,"15:09","1:38","0:08","0"
"Ryan Nugent-Hopkins","Kings","C",35,12,14,26,10,4,5,0,41,4,12,76,"16",19,"15:03","1:48","0:01","47"
"Adam Grman","Hurricanes","LD/RD",31,12,14,26,0,8,10,0,58,27,7,135,"9",67,"27:14","3:30","2:38","0"
"Macklin Celebrini","Stars","C",32,10,16,26,7,28,8,0,29,5,1,56,"18",15,"14:57","1:46","0:02","53"
"Sven Andrighetto","Bruins","RW/LW",33,8,18,26,4,12,7,0,47,10,6,64,"13",17,"16:28","2:52","0:00","0"
"Rasmus Dahlin","Hurricanes","LD/RD",33,6,20,26,5,18,11,0,107,16,17,113,"5",86,"27:21","3:30","2:23","0"
"Niko-Petteri Rosendahl","Flyers","C/LW",34,5,21,26,0,10,13,0,85,8,2,85,"6",7,"15:20","3:21","0:04","25"
"Brock Faber","Canadiens","RD",35,3,23,26,0,12,16,0,76,35,29,88,"3",70,"25:49","3:06","2:04","0"
"Erik Karlsson","Senators","RD",33,2,24,26,11,14,7,0,69,19,33,100,"2",73,"27:07","3:19","1:50","0"
"Tim Stutzle","Canucks","C/LW",33,13,12,25,-1,12,9,0,54,4,6,59,"22",47,"16:32","1:35","1:46","27"
"John Tavares","Capitals","C",34,13,12,25,-13,18,10,0,66,7,21,73,"18",61,"18:33","3:00","2:45","57"
"Dylan Cozens","Blue Jackets","C",35,12,13,25,11,18,5,0,40,6,6,82,"15",36,"15:10","1:45","0:00","54"
"Joonas Donskoi","Islanders","RW/LW",34,11,14,25,4,4,10,0,30,5,13,70,"16",16,"16:31","3:03","0:01","0"
"Max Domi","Sharks","C",34,11,14,25,19,8,0,2,68,7,6,52,"21",85,"14:56","0:00","2:49","58"
"Chris Kreider","Coyotes","LW",34,10,15,25,10,27,6,0,114,11,9,65,"15",31,"16:08","1:44","1:35","25"
"Aleksander Barkov","Ducks","C",34,8,17,25,3,6,13,0,88,10,30,60,"13",71,"18:40","3:35","2:26","55"
"Logan Couture","Blackhawks","C/LW",35,8,17,25,4,12,5,0,49,6,8,58,"14",51,"15:18","1:26","1:51","48"
"P.K. Subban","Lightning","RD/LD",35,7,18,25,-13,35,11,0,122,6,13,116,"6",64,"25:44","2:43","1:36","0"
"Wyatt Johnston","Flyers","C",34,6,19,25,3,12,8,0,66,4,3,79,"8",19,"14:46","1:33","0:03","54"
"Lias Andersson","Canadiens","C/LW",35,6,19,25,8,15,0,0,63,8,6,43,"14",8,"12:41","0:00","0:00","0"
"Oliver Ekman-Larsson","Kings","LD/RD",35,5,20,25,16,6,2,1,90,27,33,112,"4",72,"25:47","1:35","1:58","0"
"Johnny Gaudreau","Canucks","LW",33,5,20,25,5,10,9,0,33,10,8,97,"5",20,"17:22","3:31","0:50","0"
"Timo Meier","Sharks","RW/LW",31,5,20,25,-16,33,14,1,73,9,4,83,"6",17,"16:49","3:46","0:31","25"
"Brennan Othmann","Capitals","LW",34,15,9,24,1,12,2,0,101,12,3,50,"30",18,"16:22","1:43","0:46","0"
"Nikolaj Ehlers","Hurricanes","LW/RW",33,13,11,24,12,4,0,0,31,7,2,49,"27",22,"13:25","0:00","0:12","0"
"Brayden Point","Bruins","C",33,13,11,24,5,10,7,0,34,6,13,87,"15",37,"17:29","3:37","1:07","54"
"Josh Doan","Canucks","RW",33,13,11,24,11,12,0,0,58,6,0,62,"21",8,"12:51","0:06","0:00","0"
"Matvei Michkov","Wild","RW/LW",35,12,12,24,-11,4,12,0,54,13,1,91,"13",10,"15:46","2:59","0:00","0"
"Jonathan Huberdeau","Avalanche","LW/C",33,11,13,24,0,8,9,0,47,6,12,71,"15",22,"14:57","2:59","0:00","0"
"Robert Thomas","Maple Leafs","C",33,11,13,24,4,10,6,0,40,2,3,59,"19",48,"17:49","1:41","1:47","49"
"Anders Lee","Hurricanes","LW/C",33,11,13,24,8,16,6,0,102,7,2,64,"17",14,"15:54","2:28","0:18","0"
"Taylor Hall","Devils","LW/C",33,9,15,24,11,8,3,0,69,3,18,78,"12",42,"16:32","1:25","1:42","30"
"Grigori Denisenko","Hurricanes","LW/RW",33,8,16,24,-1,32,9,0,58,8,0,55,"15",6,"13:20","1:10","0:00","0"
"Sean Monahan","Canucks","C",33,7,17,24,2,8,7,1,50,9,17,68,"10",37,"18:20","3:06","2:24","53"
"Alex Newhook","Avalanche","LW",33,7,17,24,9,10,2,0,60,19,9,48,"15",39,"17:17","1:20","2:12","0"
"Jonathan Toews","Coyotes","C",35,7,17,24,0,16,6,0,74,8,32,68,"10",70,"17:30","1:52","2:25","58"
"Roman Josi","Predators","LD/RD",36,5,19,24,5,4,11,0,74,16,33,145,"3",86,"26:11","3:41","1:44","0"
"Tom Willander","Ducks","RD",35,4,20,24,2,2,13,0,41,13,12,91,"4",34,"17:10","3:47","0:15","0"
"K'Andre Miller","Kings","LD",35,3,21,24,12,4,4,1,76,24,39,95,"3",64,"21:34","1:32","2:42","0"
"Jordan Eberle","Sharks","RW",34,3,21,24,-21,10,13,0,41,7,3,88,"3",28,"16:10","3:37","0:06","0"
"Juraj Slafkovsky","Canadiens","LW",35,13,10,23,2,8,4,0,109,10,2,83,"16",23,"14:49","1:33","0:10","100"
"Drake Batherson","Oilers","RW/C",33,12,11,23,10,6,1,0,58,6,1,63,"19",12,"15:12","1:37","0:06","25"
"Oliver Wahlstrom","Flyers","RW",34,11,12,23,-4,20,7,0,75,8,0,68,"16",16,"14:37","1:34","0:00","0"
"Pontus Aberg","Panthers","LW/RW",35,10,13,23,-2,26,7,0,61,9,2,68,"15",23,"14:59","1:49","0:00","0"
"Marco Rossi","Jets","C/LW",32,9,14,23,9,12,3,0,42,4,1,28,"32",19,"14:08","1:24","0:00","48"
"Ryan Strome","Flyers","C/RW",34,8,15,23,0,14,8,0,46,3,4,63,"13",12,"14:28","1:14","0:16","29"
"Kristian Larouche","Lightning","C",35,8,15,23,-15,14,14,0,97,4,3,77,"10",25,"16:45","3:49","0:51","51"
"Cristobal Vinatier","Oilers","RW",33,7,16,23,6,4,1,0,63,9,0,79,"9",9,"15:46","1:47","0:10","0"
"Jordan Kyrou","Blues","RW/C",32,7,16,23,-5,14,9,0,43,7,1,64,"11",28,"15:21","2:31","0:00","0"
"Nick Suzuki","Flyers","C",32,6,17,23,9,32,11,0,57,5,7,61,"10",59,"17:40","3:01","2:06","54"
"Sven Bartschi","Blackhawks","LW",35,5,18,23,9,20,6,0,51,5,4,59,"8",17,"12:37","1:10","0:00","0"
"Sami Vatanen","Jets","RD",32,3,20,23,1,8,10,0,53,13,27,87,"3",73,"27:21","3:13","2:11","0"
"Zach Werenski","Bruins","LD",33,3,20,23,18,10,6,0,99,14,42,136,"2",62,"26:08","3:14","0:42","0"
"Kris Letang","Red Wings","RD/LD",34,3,20,23,8,30,9,0,80,15,15,99,"3",59,"25:20","3:00","1:07","0"
"Dougie Hamilton","Flames","RD",32,2,21,23,0,4,12,1,84,17,29,98,"2",98,"26:53","2:39","2:54","0"
"Alexander Nikishin","Stars","LD/RD",32,2,21,23,19,10,6,0,74,28,33,86,"2",42,"19:40","1:33","0:30","0"
"Noah Dobson","Maple Leafs","RD",33,2,21,23,15,14,12,0,86,13,33,94,"2",73,"25:48","3:05","2:23","0"
"Lucas Wagner","Canadiens","LD/RD",35,1,22,23,9,14,7,0,77,19,12,76,"1",52,"24:21","1:29","0:27","0"
"Elias Pettersson","Blues","C/LW",32,14,8,22,-16,10,8,0,78,7,15,59,"24",22,"15:53","2:26","0:00","50"
"Brandon Hagel","Sabres","LW",35,14,8,22,1,14,4,0,79,9,4,97,"14",15,"15:44","2:15","0:00","0"
"Evgeni Malkin","Stars","C",32,10,12,22,6,24,2,0,25,3,8,45,"22",38,"15:13","1:25","1:51","50"
"Robby Fabbri","Blackhawks","LW/C",35,9,13,22,-10,10,8,0,71,12,9,58,"16",56,"16:56","1:32","1:54","20"
"Ryan Johansen","Blackhawks","C",35,9,13,22,-5,20,8,0,69,5,8,74,"12",36,"15:26","1:32","0:08","48"
"Brock Boeser","Flames","RW",32,8,14,22,0,4,6,0,78,11,1,69,"12",33,"16:30","2:24","1:00","11"
"Viktor Arvidsson","Blue Jackets","RW/LW",35,7,15,22,8,14,3,0,43,6,5,58,"12",21,"14:08","1:36","0:00","0"
"MacKenzie Weegar","Predators","RD",36,2,20,22,16,14,6,0,109,17,27,81,"2",64,"24:45","2:22","1:30","0"
"Drew Doughty","Bruins","RD/LD",33,0,22,22,14,8,2,0,74,14,40,88,"0",81,"25:33","1:10","1:32","0"
"Philip Tomasino","Blue Jackets","RW",35,13,8,21,-1,12,0,0,54,8,1,55,"24",10,"12:55","0:05","0:00","0"
"Kyle Okposo","Ducks","RW",35,12,9,21,9,14,0,0,65,5,6,34,"35",12,"11:25","0:00","0:00","0"
"Matt Coronato","Jets","RW",30,10,11,21,7,19,4,0,29,4,2,58,"17",10,"13:04","1:01","0:00","0"
"Tomas Tatar","Senators","LW/RW",33,8,13,21,-3,6,5,0,38,3,4,82,"10",13,"15:20","2:52","0:01","0"
"Martin Necas","Penguins","C/RW",34,8,13,21,-3,8,5,0,34,3,6,45,"18",23,"14:50","1:29","0:00","51"
"Tanner Pearson","Panthers","LW",35,8,13,21,-7,8,7,0,88,13,10,73,"11",38,"16:51","2:51","0:54","0"
"Carter Verhaeghe","Sharks","LW",34,8,13,21,0,10,4,0,74,5,7,72,"11",16,"14:59","1:35","0:00","0"
"Mason Marchment","Panthers","LW",35,6,15,21,-6,6,8,0,61,12,1,74,"8",14,"15:25","2:46","0:11","0"
"Teuvo Teravainen","Flames","LW/RW",32,5,16,21,3,12,10,0,45,9,17,81,"6",24,"15:45","2:35","0:08","20"
"Gabriel Perreault","Panthers","RW/LW",35,5,16,21,-2,18,6,0,47,8,1,50,"10",16,"14:54","2:05","0:01","0"
"Kieffer Bellows","Islanders","C/LW",34,13,7,20,-7,2,4,0,72,3,0,76,"17",13,"15:56","1:38","0:00","47"
"Tyler Toffoli","Coyotes","RW",34,12,8,20,5,12,0,0,52,3,18,39,"31",16,"13:31","0:06","0:37","0"
"Brayden Yager","Flames","C",32,12,8,20,1,12,5,0,52,4,0,48,"25",19,"14:56","1:16","0:00","57"
"Jiri Kulich","Ducks","C",35,10,10,20,-6,6,8,0,48,5,4,70,"14",15,"14:49","1:58","0:00","56"
"Berkly Catton","Flyers","C",34,10,10,20,-6,6,7,0,34,9,0,64,"16",13,"14:00","1:37","0:00","0"
"Zebastian Thornberg","Canadiens","LW/RW",33,9,11,20,9,2,0,0,96,10,1,45,"20",22,"12:57","0:00","0:09","0"
"Logan Cooley","Stars","C",32,9,11,20,14,8,0,0,30,4,3,49,"18",14,"12:11","0:00","0:00","44"
"Tero Kantanen","Canucks","LW/RW",33,8,12,20,0,8,6,0,83,17,2,55,"15",14,"15:55","3:02","0:04","0"
"Nikita A. Popugayev","Islanders","LW",34,7,13,20,-7,6,3,0,63,10,0,77,"9",10,"15:44","1:35","0:00","0"
"Sean Couturier","Canucks","C",33,7,13,20,1,12,7,0,80,7,25,86,"8",45,"17:02","1:41","1:44","58"
"Benoit-Olivier Groulx","Islanders","C/LW",34,7,13,20,-13,13,1,0,74,6,5,53,"13",24,"15:40","1:10","1:03","41"
"Dylan Strome","Blues","C",32,7,13,20,-10,18,8,0,61,3,10,58,"12",32,"15:09","2:25","0:00","50"
"Karolis Manomaitis","Ducks","C/LW/RW",35,6,14,20,3,26,0,0,105,16,36,57,"11",58,"13:54","0:00","2:27","33"
"Marc-Edouard Vlasic","Sharks","LD",34,4,16,20,13,6,1,1,86,25,32,64,"6",91,"25:16","0:23","2:42","0"
"Aaron Ekblad","Oilers","RD/LD",33,4,16,20,6,6,8,1,87,16,22,116,"3",65,"26:10","3:14","1:48","0"
"Josef Hudec","Sharks","C/RW",34,4,16,20,1,6,3,0,71,3,1,42,"10",7,"13:22","1:33","0:00","52"
"Justin Faulk","Capitals","RD/LD",34,1,19,20,-8,14,10,0,140,10,35,125,"1",57,"27:01","3:12","2:40","0"
"Hiroto Osawa","Bruins","LW/RW",33,11,8,19,-3,0,4,0,88,8,4,92,"12",11,"16:09","2:45","0:00","0"
"Jamie Benn","Rangers","LW/C",34,11,8,19,-11,14,5,0,88,11,11,67,"16",82,"17:52","2:18","2:25","0"
"Tyler Johnson","Bruins","C",33,10,9,19,10,8,4,0,41,2,10,73,"14",14,"16:10","1:55","0:00","49"
"Jean-Philipp James","Bruins","RW/C",33,9,10,19,11,0,1,0,69,9,4,76,"12",9,"13:50","0:38","0:00","0"
"Davis Dougherty","Capitals","RW/LW",34,9,10,19,-12,18,12,0,105,12,1,69,"13",10,"15:52","3:03","0:01","0"
"Joshua Norris","Capitals","C",34,9,10,19,-6,24,4,0,58,8,7,56,"16",13,"15:07","1:39","0:05","35"
"Alexander Ovechkin","Capitals","LW/RW",34,9,10,19,-10,29,9,0,97,7,9,63,"14",27,"14:54","2:58","0:08","0"
"Joel Eriksson Ek","Devils","C",33,8,11,19,2,12,4,1,71,6,16,70,"11",68,"16:53","1:31","2:10","56"
"Jared McCann","Canucks","C/LW",33,7,12,19,1,24,6,0,55,3,4,58,"12",30,"14:24","1:18","0:00","43"
"Nick Schmaltz","Wild","C/RW",35,6,13,19,-6,16,6,0,22,2,5,49,"12",14,"14:32","1:38","0:00","27"
"Julien Gauthier","Capitals","RW",34,6,13,19,4,20,0,0,78,7,3,62,"10",12,"13:00","0:00","0:00","0"
"Victor Soderstrom","Penguins","RD",34,0,19,19,3,8,9,0,35,17,35,68,"0",83,"20:54","3:03","1:51","0"
"Peter Boisvert","Penguins","LD",34,0,19,19,11,14,7,0,27,19,21,97,"0",56,"19:24","3:03","1:45","0"
"Bernhard Rossi","Blues","RW/LW",32,13,5,18,-6,10,7,0,80,15,1,95,"14",22,"15:37","1:05","0:47","50"
"Jonathan Lekkerimaki","Predators","RW",36,11,7,18,-2,10,6,0,96,9,0,85,"13",12,"15:20","1:47","0:01","0"
"Connor McMichael","Sharks","C/LW",34,10,8,18,-9,44,4,0,71,7,6,81,"12",22,"14:33","1:36","0:00","38"
"Pavel Dorofeyev","Flames","LW/RW",32,9,9,18,3,10,0,0,42,9,2,40,"23",6,"12:31","0:00","0:00","0"
"Claude Giroux","Rangers","C/RW",34,8,10,18,-3,22,2,0,46,2,7,42,"19",38,"13:40","0:54","0:00","59"
"Bo Horvat","Hurricanes","C",33,7,11,18,0,10,0,0,67,5,6,50,"14",65,"15:09","0:02","2:47","50"
"Roope Hintz","Maple Leafs","C/LW",31,6,12,18,-2,19,3,0,66,5,3,39,"15",15,"14:38","1:29","0:02","44"
"Ivan Provorov","Flyers","LD",34,5,13,18,-8,10,11,0,66,16,41,127,"4",77,"26:17","3:12","0:39","0"
"Cyril Hejda","Coyotes","RD",35,3,15,18,5,24,0,0,85,13,20,110,"3",51,"24:32","1:08","0:42","0"
"Josh Morrissey","Oilers","LD/RD",33,2,16,18,9,8,0,1,38,9,32,81,"2",55,"20:57","1:38","2:09","0"
"Miro Heiskanen","Sabres","LD/RD",35,2,16,18,35,20,4,0,81,18,50,104,"2",61,"24:13","1:41","0:13","0"
"Damon Severson","Devils","RD",33,1,17,18,9,14,4,0,81,15,30,82,"1",61,"24:53","1:33","0:40","0"
"Rutger McGroarty","Devils","RW/LW",33,12,5,17,4,22,0,0,49,9,0,51,"24",8,"11:47","0:00","0:00","0"
"Dmitry Voronkov","Rangers","LW",34,9,8,17,-1,4,2,0,91,7,0,70,"13",17,"14:22","1:40","0:00","0"
"Miikka Heinonen","Jets","LW/RW",32,9,8,17,8,6,0,0,52,6,5,58,"16",8,"12:32","0:00","0:00","0"
"Cole Sillinger","Maple Leafs","C",33,8,9,17,-2,2,1,0,53,4,0,56,"14",26,"13:00","0:06","0:00","45"
"Zach Hyman","Jets","RW/LW",32,7,10,17,1,11,5,0,76,5,20,57,"12",68,"17:45","1:18","2:25","100"
"Alex Galchenyuk","Canadiens","C/LW",35,7,10,17,1,16,5,0,62,6,12,45,"16",15,"14:40","1:31","0:00","50"
"Barrett Hayton","Sabres","C",35,6,11,17,-11,14,3,0,57,7,3,47,"13",35,"15:03","1:05","1:00","58"
"Anthony Cirelli","Blackhawks","C",35,6,11,17,3,16,8,0,47,6,16,73,"8",51,"18:05","2:48","2:20","52"
"Luke Hughes","Senators","LD",33,4,13,17,3,10,6,0,98,19,11,93,"4",40,"21:27","1:34","0:25","0"
"Anze Kopitar","Predators","C",36,4,13,17,-2,14,5,0,76,9,23,69,"6",52,"17:06","2:26","1:31","59"
"Ilya Trushkov","Wild","LD",33,4,13,17,-14,21,13,0,69,19,36,89,"4",82,"25:04","3:10","0:23","0"
"Victor Rask","Bruins","C",33,3,14,17,11,6,1,0,45,6,8,35,"9",52,"14:45","0:19","1:43","51"
"Moritz Seider","Avalanche","RD",33,3,14,17,2,12,6,0,100,26,20,96,"3",84,"27:05","3:10","2:12","0"
"Evan Bouchard","Canucks","RD",33,2,15,17,3,4,7,0,62,22,21,114,"2",76,"20:22","3:16","2:10","0"
"Devon Toews","Coyotes","LD",35,2,15,17,3,6,5,0,40,11,25,85,"2",52,"19:16","1:31","2:21","0"
"Torey Krug","Bruins","LD/RD",33,0,17,17,11,6,4,0,35,10,12,89,"0",37,"18:27","2:10","0:07","0"
"Alex Pietrangelo","Blue Jackets","RD",35,0,17,17,11,8,3,0,68,26,59,91,"0",105,"25:42","1:28","2:41","0"
"Kristian Benuska","Kings","RW/LW/C",35,11,5,16,-2,6,0,0,58,16,5,48,"23",18,"12:06","0:00","0:00","0"
"Craig Smith","Blackhawks","RW",35,11,5,16,-10,8,2,0,51,11,2,86,"13",19,"14:14","1:15","0:00","0"
"Brock Nelson","Panthers","C/LW",35,11,5,16,-4,26,4,0,50,2,9,73,"15",72,"16:08","1:03","1:48","54"
"Conor Garland","Avalanche","RW",33,10,6,16,-10,6,2,0,24,4,1,49,"20",22,"14:06","1:32","0:00","0"
"Peter Kysela","Senators","RW/LW",33,9,7,16,-9,6,5,0,49,10,2,75,"12",11,"15:18","2:50","0:00","0"
"Hudson Fasching","Sabres","RW/C",35,8,8,16,5,6,0,0,76,8,4,50,"16",76,"14:35","0:00","2:36","0"
"Preston Brennan","Jets","C",32,8,8,16,-4,6,3,0,68,7,2,87,"9",31,"17:37","1:24","2:03","55"
"Zachary Bolduc","Blue Jackets","RW",35,8,8,16,9,12,0,0,52,11,2,69,"12",8,"11:56","0:02","0:00","0"
"Carl Grundstrom","Oilers","LW/RW",33,7,9,16,-6,4,0,0,106,4,3,57,"12",6,"12:28","0:01","0:00","0"
"Jakub Vrana","Stars","RW/LW",32,7,9,16,3,16,0,0,27,11,1,60,"12",24,"12:18","0:00","0:10","0"
"Matthew Knies","Blues","LW",32,6,10,16,-7,4,6,0,80,5,2,52,"12",8,"13:36","1:07","0:00","0"
"Calen Addison","Penguins","RD",34,6,10,16,0,6,3,0,75,18,8,71,"8",76,"24:36","1:24","0:54","0"
"Gabriel Landeskog","Avalanche","LW/RW",33,6,10,16,-15,6,9,0,98,4,25,60,"10",22,"16:05","3:00","0:07","0"
"Noah Gregor","Sharks","LW/RW/C",34,6,10,16,6,12,0,1,58,7,5,43,"14",44,"14:56","0:01","1:56","0"
"Adrian Kempe","Predators","LW/RW",36,6,10,16,-8,32,6,0,100,8,3,56,"11",16,"15:39","1:49","0:02","0"
"Vladimir Hynek","Jets","C/LW/RW",32,5,11,16,-2,18,0,0,41,5,1,29,"17",17,"12:01","0:00","0:00","0"
"Scott Morrow","Sharks","RD",34,3,13,16,19,14,1,0,75,6,13,59,"5",36,"19:30","1:22","0:40","0"
"Nick Leddy","Islanders","LD",34,2,14,16,-9,12,7,0,79,18,31,95,"2",68,"26:32","3:12","1:26","0"
"Brandon Montour","Canadiens","RD",35,2,14,16,7,16,6,0,42,14,10,36,"6",54,"18:02","1:16","1:39","0"
"Ken Carnovale","Jets","LD",32,0,16,16,-3,4,4,0,56,12,15,65,"0",35,"17:50","1:07","0:31","0"
"Morgan Geekie","Panthers","C/LW",35,8,7,15,-7,6,0,0,85,12,3,35,"23",9,"11:29","0:00","0:00","0"
"Luc-Olivier Ferland","Blues","RW",32,8,7,15,-15,6,6,0,41,4,0,79,"10",21,"15:37","2:26","0:00","0"
"Seth Jarvis","Blues","C/RW",32,7,8,15,-12,4,5,0,35,7,2,47,"15",7,"13:18","0:57","0:00","86"
"Said Naydyonov","Maple Leafs","LW/RW",33,7,8,15,7,6,0,0,107,13,21,50,"14",42,"15:25","0:00","2:35","0"
"Nick Bjugstad","Sharks","C",34,6,9,15,0,14,0,1,73,3,10,47,"13",101,"15:31","0:01","2:38","46"
"Nazem Kadri","Flames","C",30,6,9,15,2,37,4,1,37,2,8,37,"16",26,"15:03","0:49","1:19","46"
"Alex Tuch","Maple Leafs","RW/C",33,5,10,15,4,10,0,0,82,2,19,41,"12",18,"12:18","0:01","0:00","0"
"Hugo Quessandier","Senators","C",33,5,10,15,2,10,1,0,49,3,6,60,"8",25,"14:25","1:27","0:02","42"
"Bogdan Okulov","Rangers","LW/RW",34,5,10,15,-12,16,1,0,70,11,1,57,"9",16,"15:38","2:33","0:03","0"
"Markku Qvist","Blues","RW/C/LW",32,5,10,15,0,21,0,0,45,10,11,36,"14",70,"14:44","0:00","2:30","0"
"Stanislav Malinak","Canucks","C",33,5,10,15,-2,23,0,0,62,5,20,43,"12",49,"14:32","0:03","2:29","51"
"Cam Fowler","Wild","LD/RD",35,3,12,15,-6,10,2,0,85,21,39,76,"4",75,"26:03","1:32","1:22","0"
"Konsta Helenius","Capitals","C",34,3,12,15,-10,24,5,0,28,7,5,42,"7",22,"13:42","1:38","0:00","33"
"Zdeno Tomas","Flames","RW",32,1,14,15,0,12,1,0,71,8,13,51,"2",15,"13:35","0:30","0:00","0"
"Jamie Drysdale","Lightning","RD",35,0,15,15,-15,18,2,0,28,15,2,26,"0",51,"15:41","0:46","0:22","0"
"Tyson Foerster","Sharks","RW",34,9,5,14,5,12,0,0,52,3,1,41,"22",13,"12:20","0:07","0:00","0"
"Clement Treille","Bruins","LW",33,7,7,14,-3,4,0,0,87,8,1,41,"17",15,"11:31","0:00","0:00","0"
"Alexander Zhuk","Flyers","C",34,7,7,14,-6,22,0,0,46,1,5,44,"16",21,"13:52","0:14","0:00","42"
"Adam Florian","Oilers","C/LW",33,7,7,14,-7,24,0,0,42,5,1,46,"15",18,"12:51","0:03","0:00","40"
"Filip Zadina","Wild","RW/LW",35,6,8,14,-13,20,3,0,75,8,1,47,"13",15,"14:39","1:37","0:00","0"
"Terry Bruneteau","Penguins","LW/RW",31,6,8,14,-2,21,5,0,65,11,5,78,"8",64,"16:00","1:15","2:13","0"
"Sam Dumont","Predators","RW",36,5,9,14,-6,8,0,0,63,12,10,35,"14",69,"14:51","0:00","2:28","0"
"Matias Maccelli","Senators","LW",33,5,9,14,-9,8,5,0,32,7,2,55,"9",10,"13:52","1:24","0:01","100"
"Ryan McLeod","Panthers","C",35,5,9,14,-6,14,2,0,84,6,9,47,"11",86,"17:26","1:25","2:43","43"
"Elias Lindholm","Capitals","C/RW",34,5,9,14,-2,16,0,0,70,10,24,46,"11",91,"16:24","0:00","3:02","48"
"Troy Terry","Ducks","RW",35,5,9,14,2,36,0,0,44,5,4,49,"10",14,"11:21","0:03","0:03","0"
"Quinton Byfield","Devils","C",33,5,9,14,1,47,0,0,100,5,9,49,"10",40,"12:19","0:00","0:00","52"
"Pavel Mintyukov","Ducks","LD",35,4,10,14,-3,2,5,0,30,7,26,52,"8",38,"14:46","1:37","0:09","0"
"John-Jason Peterka","Ducks","RW/LW",35,4,10,14,-11,4,8,0,66,13,6,84,"5",38,"17:24","3:08","1:35","0"
"Mark Stone","Senators","RW",33,4,10,14,-5,6,0,0,82,3,29,60,"7",54,"15:50","0:29","2:02","13"
"Pavel Pospisil","Kings","LW/RW/C",35,4,10,14,-1,10,0,0,42,6,2,29,"14",11,"12:00","0:00","0:00","0"
"Ryan O'Reilly","Rangers","C",34,4,10,14,-5,10,0,0,68,8,25,37,"11",56,"16:03","0:06","2:52","51"
"Brendan Gallagher","Canadiens","RW",35,4,10,14,-4,21,1,0,72,8,13,51,"8",81,"17:18","1:26","2:01","17"
"Darren Raddysh","Panthers","RD",35,2,12,14,-2,2,4,0,23,10,8,45,"4",40,"18:08","1:24","0:27","0"
"Ryan Suter","Red Wings","LD",34,2,12,14,0,4,1,1,42,17,30,29,"7",78,"17:08","0:05","3:36","0"
"Brady Skjei","Hurricanes","LD/RD",33,2,12,14,7,12,0,0,81,12,33,44,"5",71,"20:11","0:25","2:37","0"
"Shayne Gostisbehere","Blues","LD/RD",32,2,12,14,-18,14,12,0,37,9,10,90,"2",44,"18:32","2:38","0:27","0"
"Brad Marchand","Blue Jackets","LW/RW",35,2,12,14,1,38,0,0,41,6,13,33,"6",11,"11:22","0:03","0:00","0"
"William Eklund","Coyotes","LW",35,1,13,14,2,14,4,0,49,2,3,44,"2",7,"13:11","1:31","0:00","0"
"Jonas Brodin","Devils","LD/RD",33,0,14,14,8,4,0,0,55,23,14,45,"0",67,"17:02","0:00","2:20","0"
"Victor Hedman","Oilers","LD",33,0,14,14,1,6,0,0,80,11,43,102,"0",91,"25:42","1:31","2:06","0"
"Frank Vatrano","Ducks","LW/RW",29,7,6,13,1,14,0,0,50,5,3,52,"13",8,"11:50","0:00","0:00","0"
"Shane Wright","Panthers","C",35,6,7,13,-4,4,3,0,47,7,9,53,"11",49,"16:34","1:34","1:56","54"
"Ilya Mikheyev","Senators","RW",33,6,7,13,-3,14,2,0,61,16,19,52,"12",57,"14:25","0:27","1:28","0"
"Alexander Radulov","Kings","RW",35,6,7,13,-7,39,5,0,64,12,5,47,"13",21,"13:41","1:51","0:00","0"
"Samu Linkomaa","Canadiens","LW/RW",35,5,8,13,2,8,0,0,55,16,36,51,"10",40,"13:42","0:00","1:42","0"
"Rodger Labelle","Senators","C",33,5,8,13,-13,8,7,0,35,6,5,75,"7",21,"15:55","2:59","0:00","44"
"Cayden Lindstrom","Rangers","C",34,5,8,13,-10,14,1,0,66,3,2,76,"7",21,"14:38","1:38","0:01","41"
"Roger McQueen","Panthers","C",35,5,8,13,-3,16,2,0,42,7,5,50,"10",11,"12:13","0:22","0:00","0"
"Bryan Rust","Canadiens","RW/LW",35,4,9,13,-3,2,0,0,46,9,11,34,"12",14,"11:54","0:02","0:00","0"
"Ty Smith","Hurricanes","LD",33,4,9,13,-3,8,7,0,34,10,7,68,"6",32,"16:12","1:15","0:23","0"
"Yegor Sokolov","Bruins","LW/RW",33,4,9,13,-1,10,0,0,78,3,1,43,"9",7,"11:43","0:00","0:00","0"
"Michael Matheson","Blue Jackets","LD",35,3,10,13,4,6,0,0,30,11,17,53,"6",38,"12:53","0:00","0:06","0"
"Michael Stone","Panthers","RD/LD",35,3,10,13,-6,10,0,0,109,12,17,58,"5",65,"22:18","0:19","0:46","0"
"Frederick Williams","Sabres","C",35,3,10,13,-1,12,1,0,58,6,3,41,"7",36,"14:14","0:33","1:09","49"
"Jakob Chychrun","Coyotes","LD/RD",35,3,10,13,13,14,5,0,112,27,28,69,"4",78,"25:29","1:28","2:19","0"
"Travis Sanheim","Flyers","LD",34,2,11,13,-3,6,8,0,78,9,13,72,"3",30,"19:35","1:30","0:24","0"
"Rasmus Sandin","Canucks","LD",33,1,12,13,11,4,0,0,67,17,36,57,"2",67,"22:51","0:03","1:40","0"
"Mikhail Sergachev","Rangers","LD/RD",34,1,12,13,-7,30,2,0,97,13,1,61,"2",43,"18:17","1:22","2:01","0"
"Jacob Trouba","Ducks","RD/LD",35,0,13,13,1,4,3,0,65,15,32,41,"0",83,"19:09","0:34","2:54","0"
"Viktor Mikulchik","Devils","LW/RW",33,8,4,12,-1,6,0,0,76,5,1,34,"24",7,"11:25","0:00","0:00","0"
"Kevin Stenlund","Blue Jackets","C",35,7,5,12,4,8,0,0,53,6,3,38,"18",24,"11:23","0:02","0:00","49"
"Nikolai Dashkevich","Maple Leafs","RW/LW",33,7,5,12,-6,10,0,0,48,3,6,54,"13",11,"11:36","0:08","0:00","0"
"Jean-Gabriel Pageau","Senators","C/RW",33,7,5,12,-3,34,1,0,45,7,13,40,"18",46,"14:22","0:32","1:20","54"
"Michael Misa","Avalanche","C/LW",33,6,6,12,-8,8,1,0,21,3,1,45,"13",23,"14:20","1:29","0:00","26"
"Devante Smith-Pelly","Predators","RW",36,5,7,12,-6,23,0,0,69,10,7,40,"13",14,"11:06","0:00","0:00","0"
"Ondrej Kase","Oilers","RW/LW",33,4,8,12,3,6,0,0,21,4,0,25,"16",11,"11:16","0:00","0:00","0"
"Geoff Boyd","Sabres","LW/RW",35,4,8,12,-8,6,2,0,65,7,2,57,"7",16,"13:25","1:24","0:00","0"
"Deven Mason","Red Wings","C/LW",34,4,8,12,0,16,0,0,52,3,2,41,"10",12,"10:49","0:00","0:00","0"
"Vincent Trocheck","Predators","C/RW",36,4,8,12,-4,30,2,0,56,5,19,55,"7",58,"15:51","1:24","1:20","55"
"Marcus Pettersson","Avalanche","LD/RD",33,3,9,12,13,10,0,0,51,14,26,37,"8",59,"17:44","0:02","1:43","0"
"Leo Carlsson","Blues","C",32,3,9,12,-13,16,3,0,80,4,20,44,"7",47,"15:03","1:07","0:03","55"
"Ryan Dzingel","Hurricanes","C/LW",33,3,9,12,-9,26,0,0,32,3,9,35,"9",21,"11:02","0:00","0:00","54"
"Frank Nazar III","Predators","C",36,2,10,12,-14,4,4,0,45,10,2,59,"3",16,"13:51","1:48","0:01","36"
"Marcus Davidsson","Stars","C/LW/RW",21,2,10,12,9,6,0,1,29,5,1,11,"18",5,"11:00","0:00","0:04","0"
"Gustav Forsling","Coyotes","LD",35,2,10,12,11,8,0,0,44,18,7,49,"4",59,"16:25","0:00","1:55","0"
"Ryan McDonagh","Panthers","LD/RD",35,2,10,12,-15,18,5,0,106,28,41,100,"2",116,"26:48","2:56","2:30","0"
"David Jiricek","Islanders","RD",34,1,11,12,-7,4,6,0,63,18,13,74,"1",61,"19:50","2:26","0:48","0"
"Sergei Zykov","Blackhawks","LD/RD",35,1,11,12,20,12,0,0,37,6,9,47,"2",28,"14:36","0:00","0:17","0"
"Jacob Larsson","Capitals","LD/RD",34,1,11,12,-1,14,6,0,62,13,35,99,"1",35,"17:51","3:06","0:19","0"
"Tyson Barrie","Blues","RD",32,1,11,12,-11,20,1,0,56,15,21,59,"2",85,"25:01","0:07","2:12","0"
"Nicklas Jensen","Hurricanes","RW/LW",33,7,4,11,-9,10,0,0,53,10,2,38,"18",17,"11:37","0:02","0:00","0"
"Jonatan Berggren","Avalanche","RW",33,6,5,11,-13,4,4,0,35,14,0,58,"10",26,"15:01","1:34","0:01","0"
"Patrice Bergeron","Canadiens","C",35,6,5,11,4,12,0,0,47,4,23,38,"16",75,"14:22","0:00","2:03","59"
"Denis Guryanov","Stars","RW/LW",32,6,5,11,4,12,0,0,63,14,0,42,"14",12,"12:26","0:01","0:00","0"
"Radek Faksa","Blackhawks","C/LW",35,6,5,11,-4,22,0,0,64,4,9,34,"18",25,"12:32","0:00","0:00","49"
"Petri Loof","Blackhawks","RW",35,5,6,11,-3,6,0,0,39,6,2,39,"13",15,"12:29","0:00","0:00","0"
"Sam Steel","Penguins","C",34,5,6,11,-5,12,0,0,34,2,5,31,"16",15,"11:27","0:00","0:00","0"
"Pius Suter","Predators","C/LW",36,5,6,11,-5,16,0,0,18,2,0,32,"16",17,"11:05","0:00","0:00","50"
"Zemgus Girgensons","Sabres","C/LW",35,5,6,11,-2,22,1,0,49,17,17,49,"10",50,"14:16","0:00","2:03","51"
"Kailer Yamamoto","Islanders","RW",34,4,7,11,-12,10,0,0,38,5,1,41,"10",7,"12:19","0:00","0:00","0"
"Anthony Beauvillier","Blackhawks","LW/C",35,4,7,11,-2,16,0,0,55,7,2,26,"15",14,"12:25","0:00","0:00","0"
"Bobby McMann","Panthers","C",35,4,7,11,-14,46,0,0,98,13,16,44,"9",81,"14:49","0:00","2:42","52"
"Brandt Clarke","Maple Leafs","RD",33,3,8,11,0,6,2,0,91,21,7,60,"5",65,"19:54","1:00","2:33","0"
"Nolan Patrick","Maple Leafs","C",33,3,8,11,0,8,0,0,69,4,3,21,"14",12,"10:58","0:00","0:00","0"
"Tomi Kyllonen","Lightning","C",35,3,8,11,7,12,0,0,79,8,33,50,"6",63,"14:25","0:00","2:39","59"
"Nic Wolf","Penguins","RD/LD",34,3,8,11,-7,12,1,0,25,10,2,43,"7",30,"14:08","0:08","0:09","0"
"Logan Stankoven","Panthers","C/RW",35,3,8,11,-12,28,0,0,44,7,2,29,"10",14,"11:25","0:00","0:00","0"
"Nils Hoglander","Senators","LW",33,2,9,11,-2,2,2,0,27,15,0,34,"6",9,"12:23","0:29","0:00","0"
"Ty Emberson","Canucks","RD/LD",33,2,9,11,1,8,0,0,53,14,31,26,"8",40,"13:42","0:00","0:17","0"
"Brent Burns","Red Wings","RD/RW",34,1,10,11,6,4,0,0,65,6,25,42,"2",55,"16:41","1:12","0:24","0"
"T.J. Brodie","Flames","RD/LD",32,1,10,11,-4,8,4,0,40,16,31,56,"2",77,"27:05","1:08","2:16","0"
"Rasmus Andersson","Islanders","RD",34,1,10,11,-11,8,3,0,100,15,39,63,"2",43,"22:24","0:56","0:51","0"
"John Carlson","Capitals","RD",34,1,10,11,-30,10,1,0,88,22,36,51,"2",74,"23:59","0:12","1:04","0"
"Samuel Ritz","Blue Jackets","LD/RD",35,1,10,11,5,20,0,0,54,18,17,57,"2",72,"16:31","0:03","2:29","0"
"Brook Sveinson","Blue Jackets","RD",35,0,11,11,19,8,0,1,64,17,6,63,"0",39,"17:10","0:03","0:30","0"
"Alexei Toropchenko","Rangers","RW/LW",34,9,1,10,-6,4,0,0,64,13,2,62,"15",14,"12:00","0:00","0:00","0"
"Eetu Luostarinen","Blues","C/LW",32,7,3,10,-9,10,0,0,74,7,14,56,"13",70,"14:36","0:00","2:02","59"
"Michael Dal Colle","Islanders","LW/C",34,6,4,10,-11,8,0,0,40,5,0,33,"18",17,"13:14","0:24","0:00","0"
"John Peddle","Canucks","LW/C/RW",33,5,5,10,0,14,0,0,35,6,14,27,"19",8,"11:31","0:00","0:00","0"
"Isac Lundestrom","Avalanche","C/LW",33,4,6,10,-8,5,0,0,45,11,11,38,"11",65,"13:58","0:00","2:18","60"
"Phillip Danault","Kings","C/LW",35,4,6,10,0,22,0,0,62,7,15,28,"14",76,"14:59","0:00","2:33","50"
"Stefan Noesen","Avalanche","RW/LW",33,4,6,10,0,23,0,0,59,2,3,34,"12",23,"12:30","0:02","0:00","0"
"Trevor Cotton","Predators","LW/RW",36,4,6,10,-3,24,0,0,94,12,4,51,"8",14,"12:30","0:02","0:00","0"
"Mikael Granlund","Capitals","C/LW",34,3,7,10,-17,0,0,0,40,7,10,31,"10",55,"14:29","0:00","2:27","52"
"Zdenek Sobotka","Jets","C/RW",32,3,7,10,0,6,0,0,68,6,2,38,"8",39,"14:03","0:00","1:45","52"
"Colton Parayko","Rangers","RD",34,3,7,10,5,8,0,0,86,15,29,55,"5",73,"24:27","0:09","2:31","0"
"Martin Weitz","Blues","LW/C",32,3,7,10,-5,12,0,0,37,6,2,27,"11",32,"14:14","0:00","2:13","0"
"Kent Johnson","Red Wings","C/LW",34,3,7,10,-8,71,1,0,62,5,7,50,"6",54,"15:39","1:22","2:04","48"
"Theo Lindstein","Flyers","LD",34,2,8,10,-5,0,0,0,61,31,49,56,"4",63,"23:28","0:08","1:51","0"
"Cody Ceci","Stars","RD/LD",32,2,8,10,18,6,0,0,48,11,24,31,"6",55,"15:43","0:00","2:16","0"
"Bobby Brink","Penguins","RW",34,2,8,10,-5,12,0,0,35,6,2,32,"6",18,"12:06","0:03","0:00","0"
"Jackson LaCombe","Devils","LD",33,2,8,10,3,16,0,0,27,14,5,52,"4",14,"13:12","0:01","0:09","0"
"Keegan Mattson","Capitals","LD/RD",34,2,8,10,-11,22,2,0,58,11,12,48,"4",42,"17:45","1:19","2:00","0"
"Rino Kupsky","Islanders","LD/RD",34,1,9,10,-7,4,1,1,109,18,28,41,"2",44,"16:44","0:15","0:26","0"
"Olli Maatta","Senators","LD",33,1,9,10,10,6,0,0,69,21,16,42,"2",74,"19:27","0:05","1:59","0"
"Hampus Lindholm","Ducks","LD",35,1,9,10,3,6,0,0,86,38,41,72,"1",105,"25:47","0:11","2:58","0"
"Philip Broberg","Canadiens","LD",34,1,9,10,-5,6,2,0,48,10,15,60,"2",28,"14:56","0:13","0:08","0"
"Alex Vlasic","Islanders","LD",34,1,9,10,-8,6,1,0,64,18,25,42,"2",49,"16:53","1:18","1:00","0"
"Filip Hronek","Capitals","RD",34,1,9,10,-4,8,2,0,59,17,9,62,"2",56,"17:56","1:31","2:12","0"
"Sonny Milano","Rangers","LW/C",34,1,9,10,0,16,0,0,52,6,3,31,"3",12,"12:03","0:44","0:00","0"
"Thomas Harley","Canucks","LD",33,1,9,10,-3,18,5,0,47,15,13,57,"2",31,"17:27","1:32","0:25","0"
"Adam Boqvist","Maple Leafs","RD",33,0,10,10,2,4,3,0,54,12,10,46,"0",42,"16:55","0:34","0:30","0"
"Ryan Pulock","Devils","RD",33,0,10,10,8,6,1,0,71,14,27,42,"0",53,"18:12","0:06","2:19","0"
"Brandon Carlo","Penguins","RD",34,0,10,10,-7,26,0,0,106,22,29,41,"0",107,"24:19","0:01","2:03","0"
"Nino Parsons","Maple Leafs","C",33,7,2,9,1,32,0,0,50,6,16,33,"21",51,"13:23","0:00","1:45","43"
"Kole Lind","Jets","RW/C",32,6,3,9,-1,10,0,0,30,6,0,42,"14",8,"12:11","0:00","0:00","0"
"Andrei Kuzmenko","Red Wings","LW/RW",34,6,3,9,-6,25,0,0,54,2,1,37,"16",11,"11:01","0:00","0:00","0"
"Gabe Neal","Red Wings","RW/LW",34,5,4,9,-6,8,0,0,45,6,0,42,"12",11,"11:52","0:00","0:00","0"
"Mason McTavish","Oilers","C/LW",33,5,4,9,-17,24,1,0,40,12,1,52,"10",5,"13:34","1:31","0:00","48"
"Rudolf Jakes","Penguins","C/RW",34,5,4,9,-6,26,0,0,48,8,8,25,"20",45,"13:08","0:00","1:26","31"
"Oliver Bjorkstrand","Islanders","RW",34,4,5,9,-9,12,0,0,48,4,1,33,"12",19,"12:10","0:01","0:00","0"
"Charlie Coyle","Ducks","C/RW",35,4,5,9,8,28,0,1,80,3,6,36,"11",62,"14:32","0:00","2:48","52"
"Cam York","Kings","LD",35,3,6,9,6,4,0,0,46,19,2,51,"6",21,"14:01","0:00","0:10","0"
"Mitchell Stephens","Red Wings","C/RW",34,3,6,9,0,12,0,0,33,4,10,33,"9",24,"10:58","0:00","0:00","49"
"Dennis Cholowski","Hurricanes","LD",33,2,7,9,0,4,3,0,43,6,8,39,"5",27,"12:40","0:23","0:05","0"
"Noah Hanifin","Jets","LD",32,2,7,9,-2,14,0,0,45,16,25,29,"7",62,"15:57","0:08","2:11","0"
"Jaccob Slavin","Canadiens","LD",35,1,8,9,2,6,0,0,57,20,64,56,"2",84,"19:05","0:00","2:21","0"
"Keith Yandle","Blues","LD/RD",32,1,8,9,-5,8,0,0,36,19,14,24,"4",54,"15:22","0:00","2:12","0"
"Cyril Moinet","Sharks","LD/RD",34,1,8,9,-6,8,0,0,70,13,33,34,"3",36,"12:35","0:00","0:06","0"
"Samuel Girard","Hurricanes","LD",33,1,8,9,6,10,0,0,28,9,15,42,"2",49,"16:27","0:00","1:57","0"
"William Karlsson","Coyotes","C/LW",35,1,8,9,-1,10,0,0,50,14,18,32,"3",42,"13:29","0:00","1:28","52"
"John Klingberg","Canucks","RD/LD",33,1,8,9,5,12,1,0,45,16,23,57,"2",81,"24:58","0:08","2:14","0"
"Dmitry Kulikov","Sabres","LD",35,1,8,9,-8,12,1,0,71,15,20,51,"2",62,"18:37","0:01","2:16","0"
"Joe Veleno","Rangers","C",34,1,8,9,-1,15,0,0,42,4,4,47,"2",16,"11:43","0:00","0:00","39"
"Timothy Liljegren","Blackhawks","RD",35,0,9,9,-8,6,0,0,53,19,18,34,"0",72,"17:25","0:00","2:30","0"
"Charlie McAvoy","Bruins","RD",33,0,9,9,5,8,0,0,67,18,20,38,"0",63,"15:40","0:01","1:29","0"
"Gilles Reed","Stars","LD",32,0,9,9,9,14,0,0,48,17,31,38,"0",56,"15:35","0:00","2:56","0"
"Marco Kasper","Islanders","C",34,4,4,8,-7,6,0,0,43,8,2,29,"14",18,"13:49","0:02","1:28","0"
"Cody Glass","Islanders","C",34,4,4,8,-7,12,0,0,55,3,0,36,"11",62,"14:08","0:00","1:32","51"
"Chandler Stephenson","Wild","C/LW",35,4,4,8,-18,24,1,0,62,10,16,44,"9",75,"16:10","0:05","2:47","48"
"Artturi Lehkonen","Canucks","LW/RW",33,3,5,8,-7,4,0,0,47,11,0,37,"8",12,"11:34","0:00","0:00","0"
"Max Dawson","Avalanche","C",33,3,5,8,-7,10,0,0,62,6,27,47,"6",54,"13:47","0:02","1:27","51"
"Axel Sandin-Pelikka","Islanders","RD",34,2,6,8,-7,4,3,0,47,7,15,45,"4",44,"17:44","1:16","1:12","0"
"Dan Slanina","Wild","RD",35,2,6,8,-8,4,1,0,70,26,19,54,"4",75,"17:38","0:40","2:36","0"
"Liam Maxwell","Blackhawks","LD/RD",35,2,6,8,-11,12,0,0,97,31,59,73,"3",86,"24:35","0:08","1:59","0"
"Bowen Byram","Jets","LD",32,2,6,8,4,19,0,0,48,12,17,42,"5",44,"14:43","0:00","1:39","0"
"David Reinbacher","Senators","RD",33,1,7,8,-4,4,4,0,61,12,29,40,"3",65,"17:34","1:10","1:53","0"
"Stepan Draisaitl","Devils","RW/LW",33,1,7,8,-1,6,0,0,49,12,1,41,"2",9,"11:30","0:00","0:00","0"
"Oscar Klefbom","Lightning","LD",35,1,7,8,-4,6,0,0,76,11,15,74,"1",81,"23:01","0:06","2:54","0"
"Jake Neighbours","Kings","LW",35,1,7,8,-3,10,0,0,80,6,10,33,"3",42,"14:19","0:01","1:56","30"
"Brett Pesce","Rangers","RD",34,1,7,8,-3,12,1,0,61,18,39,29,"3",75,"18:40","0:02","2:35","0"
"Darnell Nurse","Panthers","LD/RD",35,1,7,8,-2,16,0,0,53,17,31,27,"4",69,"15:37","0:01","2:04","0"
"Blaine Staples","Canadiens","LD",35,0,8,8,4,4,0,0,63,16,27,43,"0",54,"14:56","0:00","1:49","0"
"Travis Dermott","Maple Leafs","LD/RD",33,0,8,8,-6,8,0,0,38,9,12,34,"0",29,"12:36","0:00","0:12","0"
"Will Borgen","Rangers","RD",34,0,8,8,0,12,0,0,54,18,27,27,"0",55,"14:51","0:00","1:54","0"
"Owen Power","Blues","LD",32,0,8,8,-4,14,1,0,109,20,46,70,"0",74,"21:58","0:49","2:36","0"
"Anton Lundell","Penguins","C",34,3,4,7,-6,4,0,0,66,4,18,34,"9",90,"14:40","0:00","2:28","44"
"Ty Dellandrea","Kings","C",35,3,4,7,-8,10,0,0,43,5,0,34,"9",20,"11:32","0:00","0:00","51"
"Alexander Pedersen","Penguins","RW/LW",34,3,4,7,-4,12,0,0,47,13,33,57,"5",72,"13:42","0:00","1:46","0"
"Alexander Alexeyev","Flyers","LD",34,3,4,7,-4,22,0,0,65,21,31,51,"6",79,"16:10","0:06","2:29","0"
"Eeli Tolvanen","Hurricanes","LW",26,3,4,7,-10,33,0,0,40,1,2,18,"17",6,"10:25","0:00","0:00","0"
"Mattias Ekholm","Bruins","LD",33,2,5,7,7,2,0,0,44,13,31,28,"7",48,"14:16","0:00","1:41","0"
"Kevin Bahl","Stars","LD",32,2,5,7,7,6,0,0,85,13,27,49,"4",58,"15:46","0:02","2:09","0"
"Dawson Mercer","Oilers","C",33,2,5,7,-23,6,0,0,56,7,6,32,"6",15,"11:55","0:02","0:00","0"
"AJ Toews","Sabres","C/RW",21,2,5,7,-4,8,1,0,20,9,2,31,"6",9,"13:39","1:44","0:00","0"
"Josh Brook","Red Wings","RD",34,2,5,7,-15,8,1,0,39,10,14,24,"8",53,"17:10","0:08","2:38","0"
"Seth Jones","Avalanche","RD",33,2,5,7,1,16,1,0,77,27,47,46,"4",107,"26:16","1:27","1:49","0"
"Olen Zellweger","Coyotes","LD",35,1,6,7,14,4,0,0,26,6,4,44,"2",27,"12:29","0:00","0:08","0"
"Ryan Ellis","Jets","RD",32,1,6,7,-4,4,0,0,52,13,33,55,"2",64,"26:12","0:03","2:09","0"
"Chris Tanev","Predators","RD",36,1,6,7,-2,6,0,0,35,15,27,37,"3",36,"14:19","0:00","0:16","0"
"Rasmus Asplund","Sabres","C/LW",35,1,6,7,2,10,0,0,49,7,4,34,"3",57,"13:21","0:00","1:42","38"
"Reilly Smith","Lightning","RW",35,1,6,7,-24,10,2,0,55,15,11,38,"3",47,"13:59","0:54","1:17","0"
"Slater Koekkoek","Lightning","LD/RD",35,1,6,7,-9,12,0,0,61,16,14,42,"2",65,"19:59","0:06","2:44","0"
"Danny DeKeyser","Flames","LD",32,1,6,7,1,14,4,0,42,22,39,51,"2",63,"18:56","0:58","2:44","0"
"Scott Mayfield","Oilers","RD",33,1,6,7,5,22,0,0,79,14,23,36,"3",45,"15:48","0:05","1:40","0"
"Radko Gudas","Flyers","RD",31,1,6,7,4,35,0,0,49,13,9,23,"4",65,"15:19","0:01","2:05","0"
"Trystan Sacco","Flyers","LD/RD",34,0,7,7,-5,4,0,0,34,25,29,33,"0",45,"15:20","0:00","1:52","0"
"Dylan DeMelo","Sharks","RD/LD",34,0,7,7,3,12,0,0,46,13,20,19,"0",56,"15:01","0:00","2:09","0"
"Braden Schneider","Ducks","RD",35,0,7,7,2,12,0,1,51,19,42,23,"0",58,"15:25","0:00","2:12","0"
"Joel Armia","Coyotes","RW",21,6,0,6,0,10,0,0,30,4,5,28,"21",14,"10:54","0:00","0:00","0"
"Sacha Cox","Capitals","RW/LW",34,5,1,6,-13,6,0,0,76,36,16,50,"10",47,"14:24","0:00","2:05","0"
"Nicolas Roy","Bruins","C",18,5,1,6,8,8,0,0,44,1,1,14,"36",14,"11:35","0:00","0:00","61"
"Jakub Voracek","Capitals","RW/LW",34,5,1,6,-12,10,0,0,59,4,4,31,"16",18,"10:48","0:00","0:00","0"
"Luke Kunin","Wild","C/RW",35,3,3,6,-10,6,0,0,85,10,14,34,"9",77,"13:45","0:00","2:11","48"
"Michael Rasmussen","Flames","C",32,3,3,6,-5,12,0,0,88,12,2,32,"9",8,"11:03","0:00","0:00","0"
"Morgan Frost","Avalanche","C",33,3,3,6,-11,20,0,0,25,1,0,31,"10",27,"12:38","0:02","0:01","42"
"Tony DeAngelo","Oilers","RD",33,2,4,6,-14,10,0,0,32,5,14,22,"9",41,"14:47","0:00","0:19","0"
"Jalen Sabo","Wild","LW/LD",35,2,4,6,-13,14,0,0,72,13,10,25,"8",70,"13:42","0:01","2:01","0"
"Kynan Renwick","Blues","C",32,2,4,6,-4,20,0,0,57,12,50,44,"5",85,"14:44","0:00","2:39","42"
"Klim Kostin","Predators","C",8,1,5,6,1,6,2,0,26,2,2,12,"8",9,"18:27","3:06","1:22","34"
"Alexander Shalapov","Sabres","LD/RD",35,1,5,6,-6,8,0,0,74,21,24,26,"4",61,"14:19","0:00","1:44","0"
"Samuel Poulin","Islanders","C",34,1,5,6,-19,8,0,0,49,4,0,29,"3",28,"13:11","0:02","1:01","46"
"J.J Moser","Coyotes","LD",35,1,5,6,-11,10,0,0,47,20,6,49,"2",44,"15:38","0:01","1:39","0"
"Ethan Bear","Wild","RD",35,0,6,6,-11,6,0,0,81,11,14,39,"0",69,"18:22","0:04","2:42","0"
"Shea Weber","Blues","RD",32,0,6,6,-21,10,0,0,79,16,41,38,"0",89,"20:46","0:00","2:39","0"
"Niklas Hjalmarsson","Senators","LD/RD",33,0,6,6,-22,10,0,0,34,12,34,29,"0",52,"16:25","0:00","1:41","0"
"Nicolas Meloche","Avalanche","RD",33,0,6,6,-18,12,0,0,55,10,9,22,"0",36,"13:54","0:00","0:11","0"
"Tyler Myers","Predators","RD",36,0,6,6,-22,14,0,0,94,16,16,39,"0",87,"19:28","0:15","2:25","0"
"Yanis Huber","Maple Leafs","LD/RD",33,0,6,6,4,16,1,0,67,17,28,66,"0",64,"18:12","1:14","2:05","0"
"Nikita Zadorov","Avalanche","LD",33,0,6,6,-14,18,0,0,74,17,11,29,"0",52,"13:23","0:00","0:01","0"
"Alexander Romanov","Panthers","LD",35,0,6,6,-11,20,0,0,61,25,47,33,"0",86,"17:15","0:01","2:37","0"
"Riley Sheahan","Flames","C/LW",32,3,2,5,-10,32,0,0,59,9,15,26,"12",64,"14:44","0:01","2:22","45"
"Kaiden Guhle","Panthers","LD",35,2,3,5,-11,4,0,0,39,16,38,42,"5",53,"15:17","0:00","2:06","0"
"Matthew Savoie","Flyers","RW/C",34,2,3,5,-13,6,0,0,25,3,2,54,"4",12,"11:47","0:14","0:00","33"
"Shane Pinto","Flyers","C/RW",34,2,3,5,-17,9,0,0,63,6,15,39,"5",39,"14:00","0:00","1:41","50"
"Derick Kavanagh","Capitals","LD",34,1,4,5,-13,4,0,0,61,35,32,34,"3",67,"16:08","0:00","3:08","0"
"Brian Dumoulin","Canucks","LD",33,1,4,5,-4,6,0,1,62,13,25,37,"3",60,"15:29","0:00","2:45","0"
"Svatopluk Fucik","Sharks","LD",34,1,4,5,2,10,0,0,112,16,43,74,"1",75,"23:52","1:17","1:57","0"
"Rylie Switzer","Capitals","RW/LW",34,1,4,5,-13,12,0,0,94,19,25,43,"2",7,"10:37","0:00","0:00","0"
"Mathew Dumba","Stars","RD/LD",32,1,4,5,13,26,0,0,64,13,19,50,"2",56,"20:44","0:07","0:50","0"
"Binne Trudel","Devils","LD",33,0,5,5,-3,6,0,0,61,18,26,44,"0",50,"14:25","0:00","1:45","0"
"Dylan Holloway","Flyers","LW",34,0,5,5,-10,6,0,0,42,8,14,33,"0",41,"14:28","0:00","1:49","0"
"Adam Larsson","Kings","RD",35,0,5,5,1,8,0,0,37,12,26,19,"0",69,"15:51","0:00","2:39","0"
"Lian Bichsel","Flames","LD",32,0,5,5,-9,14,0,0,61,17,48,38,"0",55,"16:35","0:02","2:09","0"
"Matthew Robertson","Flames","LD",32,0,5,5,-1,24,0,0,52,11,29,39,"0",48,"14:13","0:00","0:13","0"
"Daniil But","Lightning","LW/RW",15,3,1,4,-8,4,0,0,35,3,0,25,"12",2,"11:22","0:00","0:02","0"
"Ryan Donato","Wild","C/LW",22,2,2,4,-9,8,0,0,51,2,0,23,"9",23,"13:23","0:00","1:06","47"
"Kyle Palmieri","Wild","RW",35,2,2,4,-12,8,0,0,59,8,11,45,"4",65,"15:22","0:37","2:08","20"
"Dallas McCabe","Grand Rapids","LW",21,1,3,4,-9,4,0,0,35,3,1,14,"7",41,"14:28","0:01","2:39","0"
"Jackson Blake","Flames","RW",32,1,3,4,-6,8,0,0,31,7,10,27,"4",17,"10:57","0:00","0:00","0"
"Leland Lamontagne","Rochester","RW/LW",14,1,3,4,-6,22,0,0,22,6,0,25,"4",7,"13:58","1:23","0:00","0"
"Simon Edvinsson","Predators","LD",13,0,4,4,-4,0,3,0,31,4,3,23,"0",20,"14:50","1:18","0:09","0"
"Jacques Stacey","Flames","RD",32,0,4,4,1,6,0,0,23,7,9,23,"0",26,"13:32","0:00","0:20","0"
"Torsten Kovacs","Penguins","LD/RD",34,0,4,4,-2,6,0,0,54,19,23,27,"0",72,"15:00","0:00","2:19","0"
"Mattias Samuelsson","Avalanche","LD",33,0,4,4,-7,6,0,0,61,17,35,22,"0",66,"16:27","0:00","2:28","0"
"Marino Bowness","Blackhawks","LD",35,0,4,4,-5,8,0,0,67,23,27,31,"0",52,"15:02","0:00","1:56","0"
"Rafael Ivanov","Wild","LW/RW",35,0,4,4,-14,8,0,0,34,15,0,27,"0",15,"10:56","0:01","0:00","0"
"Andrew Peeke","Blue Jackets","RD",35,0,4,4,-3,10,0,0,63,11,21,28,"0",54,"15:27","0:00","1:53","0"
"Nicolas Hague","Wild","LD",28,0,4,4,-10,10,0,0,56,12,24,21,"0",44,"15:57","0:00","2:02","0"
"Henri Jokiharju","Jets","RD",32,0,4,4,4,12,0,0,42,8,19,34,"0",24,"12:54","0:00","0:04","0"
"Jared Spurgeon","Sharks","RD/LD",34,0,4,4,-13,14,0,1,19,14,19,22,"0",71,"16:27","0:01","2:29","0"
"Libor Hajek","Predators","LD",23,2,1,3,-1,4,0,0,30,11,28,16,"13",20,"12:46","0:00","0:06","0"
"Ondrej Palat","Syracuse","LW",20,2,1,3,-16,6,0,0,24,5,16,23,"9",57,"15:39","0:09","3:09","25"
"Martin Fehervary","Red Wings","LD",21,1,2,3,-5,2,0,0,39,11,22,25,"4",57,"15:33","0:08","2:40","0"
"Tommy Novak","Oilers","C",33,1,2,3,-23,10,0,0,23,4,4,14,"7",18,"11:48","0:00","0:00","46"
"Davis Dhooghe","Lightning","LD",15,0,3,3,-1,2,0,0,30,3,7,9,"0",8,"12:02","0:00","0:01","0"
"Lucas Wallmark","Lightning","C",21,0,3,3,-16,2,0,0,15,4,2,16,"0",21,"11:45","0:00","0:00","45"
"Nick Jensen","Bruins","RD",28,0,3,3,1,6,0,0,32,9,15,29,"0",36,"14:48","0:00","0:38","0"
"Jesperi Kartano","Predators","LD/RD",36,0,3,3,-18,6,0,0,80,27,42,38,"0",81,"16:55","0:01","2:19","0"
"Brendan Guhle","Lightning","LD",20,0,3,3,-15,10,0,0,36,6,14,21,"0",47,"14:49","0:00","2:01","0"
"Jacob Elmore","Kings","LD/RD",35,0,3,3,-1,14,0,0,57,19,46,24,"0",37,"14:56","0:00","1:53","0"
"Domenic Germain","Rockford","RD",28,0,3,3,-4,14,0,0,28,18,20,24,"0",53,"15:30","0:00","1:47","0"
"Kaleb Roy","Blues","RD",26,0,3,3,0,16,0,0,55,10,13,20,"0",22,"12:48","0:00","0:09","0"
"Zach Bogosian","Sabres","RD/LD",35,0,3,3,-7,16,0,0,59,13,17,22,"0",64,"15:53","0:00","2:15","0"
"Denton Mateychuk","Senators","LD",20,2,0,2,-13,16,1,0,9,10,0,42,"5",12,"14:45","0:53","0:15","0"
"Logan Shaw","Red Wings","RW",13,1,1,2,-2,6,0,0,14,3,3,17,"6",28,"13:23","0:00","2:03","0"
"Jan Knight","Binghamton","LD",13,0,2,2,-11,6,0,0,14,8,5,19,"0",6,"12:23","0:00","0:01","0"
"Kevin Korchinski","Rangers","LD",34,0,2,2,-2,8,0,0,35,5,8,39,"0",35,"12:58","0:00","0:07","0"
"Milan Funk","Lightning","LD/RD",15,0,2,2,-6,8,0,0,30,3,7,8,"0",19,"14:59","0:06","1:44","0"
"James Dean Ste-Marie","Wild","RD",35,0,2,2,-18,12,2,0,44,15,16,39,"0",67,"16:13","0:25","2:05","0"
"Valentin Durand","Sabres","RD",21,0,2,2,-4,14,0,0,31,13,11,20,"0",36,"15:41","0:00","1:35","0"
"Artemi Knyazev","Oilers","LD",33,0,2,2,-14,18,0,0,46,12,17,39,"0",23,"12:47","0:00","0:06","0"
"Kasperi Kapanen","Hurricanes","RW/LW",7,1,0,1,0,0,0,0,8,3,0,6,"17",7,"12:41","0:00","0:02","0"
"Philipp Kurashev","Coyotes","C",14,0,1,1,-4,0,0,0,19,3,0,11,"0",3,"11:34","0:00","0:00","46"
"Libor Zabransky","Bruins","RD/LD",5,0,1,1,0,2,0,0,7,1,2,2,"0",3,"15:00","0:00","0:58","0"
"Ryan Lindgren","Red Wings","LD",13,0,1,1,-6,8,0,0,17,7,11,12,"0",24,"14:55","0:00","2:13","0"
"Jett Woo","Lightning","RD",17,0,1,1,-7,21,0,0,28,6,15,15,"0",26,"14:59","0:00","2:14","0"
"Jaden Sinfield","Blackhawks","RD/LD",7,0,0,0,-2,0,0,0,19,3,4,5,"0",6,"15:53","0:00","1:51","0"
"Jock Low","Texas","LW",11,0,0,0,-4,0,0,0,14,0,2,6,"0",11,"12:11","0:00","1:38","0"
"Yohan Sauro","Chicago","LD/RD",6,0,0,0,-3,2,0,0,15,3,1,4,"0",6,"21:50","0:03","0:44","0"
"Filip Johansson","Sabres","RD",14,0,0,0,-8,2,0,0,18,8,18,15,"0",29,"16:21","0:00","2:25","0"
"Jordy Coleman","Syracuse","C",14,0,0,0,-10,10,0,0,23,4,8,13,"0",7,"11:14","0:00","0:00","23"